"X","gene_id","gene_short_name","PS_cEpiblast","NP_Epiblast","Induced_5hrs","Induced_9hrs","Induced_12hrs","FC_0hrs","FC_5hrs","FC_9hrs","FC_12hrs","FC_PS","FC_NP","hsapiens_homolog_associated_gene_name","ensembl_gene_id"
1,"ENSGALG00000000513","ZNF276",21.5546,14.2676,16.58,14.7001,11.9771,0.739125452,1.060210763,1.106585267,0.94560283,0.963626935,0.945964224,"ZNF276","ENSG00000158805"
2,"ENSGALG00000000583","SOX13",59.6072,59.8613,48.4695,66.2164,55.3895,0.434508299,3.197871582,2.935020035,3.252638131,2.069802247,1.983995148,"SOX13","ENSG00000143842"
3,"ENSGALG00000000637","ZBTB48",15.7505,11.4546,11.0465,11.6249,9.02978,0.875494501,1.022246694,1.000964378,0.938376372,1.146766948,0.996849654,"ZBTB48","ENSG00000204859"
4,"ENSGALG00000000669","ETV3",27.3662,19.1591,25.7965,23.799,18.8131,1.206531894,0.761475337,0.648124445,0.551702194,0.954943575,0.627391716,"ETV3","ENSG00000117036"
5,"ENSGALG00000000751","ARNT",118.383,106.168,97.4865,100.986,95.6598,0.90523611,1.104407593,1.268507388,1.227688896,1.136582275,0.99937873,"ARNT","ENSG00000143437"
6,"ENSGALG00000000862","RLF",15.3814,13.1495,13.5019,17.808,16.4476,1.03003281,0.934762742,1.176649377,1.287543838,0.971956121,1.563137092,"RLF","ENSG00000117000"
7,"ENSGALG00000000934","ZBTB43",15.9775,11.6093,17.5573,14.3899,15.62,0.899061929,1.068950611,0.980692691,0.961189364,0.828893374,1.219027638,"ZBTB43","ENSG00000169155"
8,"ENSGALG00000000972","PBX3",2.17793,23.9422,2.64696,4.54175,7.1791,1.37314882,0.428589471,0.67527283,0.769509457,0.762788857,1.605813665,NA,NA
9,"ENSGALG00000000999","ZNF319",15.6647,13.5129,13.5032,14.1076,12.1236,0.423903964,1.606263657,1.379487029,1.173039709,1.962724436,1.788319526,"ZNF319","ENSG00000166188"
10,"ENSGALG00000001073","NR6A1",41.9406,150.064,158.305,188.976,184.702,0.827251192,0.946987145,0.942082016,0.857706739,0.770353744,1.339079998,"NR6A1","ENSG00000148200"
11,"ENSGALG00000001093","TCF3",88.0958,116.168,117.57,143.06,118.729,0.588138981,1.686788474,1.812953761,1.680968636,1.49678202,2.171238676,"TCF3","ENSG00000071564"
12,"ENSGALG00000001108","MIER2",10.0373,14.1792,11.4719,11.0543,10.8859,0.737418388,1.1036085,1.453149874,1.203170315,1.13862133,1.471107906,"MIER2","ENSG00000105556"
13,"ENSGALG00000001143","ETS1",47.4988,6.4277,19.0179,21.3319,11.0778,1.527750172,0.531683683,1.222206307,0.770806516,0.857201123,0.3211971,"ETS1","ENSG00000134954"
14,"ENSGALG00000001279","ZNF652",21.1083,22.391,29.2842,27.5684,23.4084,0.737185923,1.088215293,1.088098894,0.964499382,1.106305031,0.9678242,"ZNF652","ENSG00000198740"
15,"ENSGALG00000001341","ZBTB44",12.6496,33.2619,21.7407,29.8749,26.4347,0.961647969,1.136828069,1.980332498,2.16031545,1.016579203,3.853280198,"ZBTB44","ENSG00000196323"
16,"ENSGALG00000001376","ARID3B",29.5329,33.5626,44.9383,41.0274,33.2404,0.772797369,1.104577509,1.103842573,0.841026627,0.993280126,1.036212129,"ARID3B","ENSG00000179361"
17,"ENSGALG00000001405","IRF6",46.7232,12.0109,57.1202,49.8933,32.694,0.957318077,0.756942926,0.56268143,0.391656075,0.65538156,0.201484262,"IRF6","ENSG00000117595"
18,"ENSGALG00000001577","FOXK2",9.587,12.7599,14.339,10.6199,11.3981,0.846418858,0.987976711,0.57971418,0.656096382,0.726810962,1.219211328,"FOXK2","ENSG00000141568"
19,"ENSGALG00000001722","E2F4",18.2934,18.684,17.3021,13.7763,13.7131,0.758792285,1.078052762,1.254683558,1.276456516,1.009040514,1.327252579,"E2F4","ENSG00000205250"
20,"ENSGALG00000001773","RFX2",1.80197,13.8195,2.10031,6.98376,5.44176,1.289800077,0.502985135,2.095262097,2.043792111,0.872836038,3.45448637,"RFX2","ENSG00000087903"
21,"ENSGALG00000001817","CTCFL",40.1191,48.7149,34.013,42.3644,41.5186,1.075482904,0.89880663,1.102134579,1.013939699,0.99086908,1.264684808,NA,NA
22,"ENSGALG00000001845","PHTF1",20.2313,26.8463,20.7204,21.7491,17.0748,0.670691685,1.944317766,2.68104258,2.747932388,1.258431509,3.582860224,"PHTF1","ENSG00000116793"
23,"ENSGALG00000002055","HES4",18.7322,50.6908,19.8487,24.1058,28.3579,0.996347368,0.760073064,0.482430545,1.059656819,0.968868476,1.841935437,"HES4","ENSG00000188290"
24,"ENSGALG00000002232","RERE",17.7484,24.06,20.4918,23.6988,16.1963,0.671502747,1.551386586,1.207797569,0.867048898,1.310793046,1.993371997,"RERE","ENSG00000142599"
25,"ENSGALG00000002514","SFPQ",473.075,387.36,345.364,319.831,334.299,0.873119375,1.146276702,1.063020574,1.369892596,1.063302548,1.277349276,"SFPQ","ENSG00000116560"
26,"ENSGALG00000002523","CREB3",16.4715,14.6326,16.6297,14.487,14.2475,1.01362021,0.812798757,0.632139772,0.530597576,0.70982241,0.672750846,"CREB3","ENSG00000107175"
27,"ENSGALG00000002588","PPARD",14.0799,16.1684,16.6349,16.9568,19.5311,0.683719169,0.717891066,0.992612539,1.054936805,0.954187816,0.87193149,"PPARD","ENSG00000112033"
28,"ENSGALG00000002703","TFAM",222.435,144.523,157.862,129.855,152.523,1.278109995,0.945881817,0.971147158,1.142793991,0.915664287,0.815261293,"TFAM","ENSG00000108064"
29,"ENSGALG00000002803","MTA1",143.197,75.0444,144.705,108.711,64.6546,0.24323693,4.639988457,2.579745706,1.55110981,2.073632887,2.097331258,"MTA1","ENSG00000182979"
30,"ENSGALG00000003045","E2F1",16.1038,19.0545,15.5614,13.1321,13.0684,0.863932551,1.149758026,1.041866332,1.124028074,0.808082937,1.438726971,"E2F1","ENSG00000101412"
31,"ENSGALG00000003189","NFYC",149.515,132.174,118.649,113.48,112.288,1.052895515,1.018306499,0.974436917,0.916531988,1.13813,0.781854104,"NFYC","ENSG00000066136"
32,"ENSGALG00000003199","MLX",77.1753,60.839,61.0366,57.5366,60.7516,1.251771888,0.806549483,0.766816245,0.910331352,0.840048982,1.177639958,NA,NA
33,"ENSGALG00000003247","NFYA",21.0419,34.1218,23.9536,30.2298,30.1824,0.708056409,0.996990747,1.57330516,1.490827546,0.96455666,1.583238601,"NFYA","ENSG00000001167"
34,"ENSGALG00000003267","STAT3",46.887,36.2986,51.0407,49.6551,39.1966,1.09343132,0.937453739,0.536912309,0.540192722,0.694885764,0.881594606,"STAT3","ENSG00000168610"
35,"ENSGALG00000003282","STAT5B",32.3212,19.329,18.9057,22.9505,19.3515,1.05487234,0.937819953,1.168499567,0.945687073,1.221511716,0.740503783,NA,NA
36,"ENSGALG00000003396","NFATC3",38.2606,35.4015,42.2318,34.1353,41.6722,0.928397558,1.051237884,0.92122869,1.084634505,0.846510908,1.346960906,"NFATC3","ENSG00000072736"
37,"ENSGALG00000003408","ZBTB8B",12.4421,11.5808,9.33745,6.69253,8.64033,1.178030404,0.992408236,0.820733279,0.828323954,1.142399368,0.834033114,NA,NA
38,"ENSGALG00000003429","PBX1",28.7342,67.2013,40.6164,55.9001,57.1795,0.726804936,1.213654374,1.555849036,1.792236083,1.249193555,2.191637369,"PBX1","ENSG00000185630"
39,"ENSGALG00000003503","MYBL2",163.711,148.284,147.183,110.178,115.433,0.777793631,1.381001529,1.388672872,1.317692209,1.028703744,1.549580429,"MYBL2","ENSG00000101057"
40,"ENSGALG00000003533","ZNF511",30.8724,21.8721,27.3902,21.3039,14.9724,1.013322283,1.242135242,0.895151938,0.623514861,0.713938172,0.789381368,"ZNF511","ENSG00000198546"
41,"ENSGALG00000003641","KAT6A",6.53286,10.6123,12.7346,12.1185,10.5367,0.972884896,0.857289037,0.937101277,0.815212261,0.749564571,1.274563968,"KAT6A","ENSG00000083168"
42,"ENSGALG00000003882","SMARCE1",311.929,267.099,293.072,289.312,322.41,0.801417399,1.387631804,1.430736059,1.676067394,1.044522876,1.444621725,"SMARCE1","ENSG00000073584"
43,"ENSGALG00000003891","ZNF423",63.9327,175.279,40.8151,63.3482,84.9879,0.694304314,1.650989418,3.156284099,4.594611105,2.136980944,4.535267025,"ZNF423","ENSG00000102935"
44,"ENSGALG00000004189","MAFK",15.6726,9.67011,16.0548,16.4658,9.59292,1.126485537,1.028099385,0.589291274,0.324185896,0.757756407,0.963532647,"MAFK","ENSG00000198517"
45,"ENSGALG00000004304","TCF12",100.254,149.372,189.007,182.487,167.503,0.423036184,2.272871577,2.268734242,2.266270516,1.230226659,2.1802853,"TCF12","ENSG00000140262"
46,"ENSGALG00000004397","MLXIP",6.77935,13.1304,8.93216,9.7464,8.60121,0.877473086,2.351205722,2.220288402,3.003425519,1.357216359,4.480157227,"MLXIP","ENSG00000175727"
47,"ENSGALG00000004477","NCOR1",20.3075,25.8467,27.7544,27.9513,20.1664,0.729743752,1.361163696,1.749712046,1.112021572,0.960851483,1.343383576,"NCOR1","ENSG00000141027"
48,"ENSGALG00000004570","NCOA3",7.64169,9.95494,13.8074,11.9863,10.7836,1.21122007,1.20708828,1.089554681,1.034795125,0.671425057,1.391435249,"NCOA3","ENSG00000124151"
49,"ENSGALG00000004848","YBX1",1659.27,1831.84,1434.12,1545.24,1775,0.851058489,1.161974056,1.21467763,1.403572586,1.096262479,1.426155739,"YBX1","ENSG00000065978"
50,"ENSGALG00000005035","KAT6B",6.02584,13.5282,4.80273,9.33078,7.93467,1.61580601,0.970891823,2.334866426,1.901617461,0.966939298,2.540425939,"KAT6B","ENSG00000281813"
51,"ENSGALG00000005254","CKLF",26.3858,14.4175,46.4664,27.5273,30.8588,0.655845945,1.008586784,0.791560271,0.696786663,0.895639216,0.345550328,"CKLF","ENSG00000217555"
52,"ENSGALG00000005378","ARNTL",12.2724,15.5061,11.5904,12.2735,10.6305,0.949449544,1.061139289,1.279558548,1.179972273,1.251804153,1.115097515,"BMAL1","ENSG00000133794"
53,"ENSGALG00000005415","TEAD1",8.42937,13.5151,18.5276,18.4867,17.5781,1.294161143,0.644442744,0.720782436,0.61590237,0.452768378,0.954254042,"TEAD1","ENSG00000187079"
54,"ENSGALG00000005506","HESX1",3.15801,86.1595,6.66017,35.8447,109.259,0.10080028,9.044597145,59.04103835,84.82578181,1.466713421,39.55899908,"HESX1","ENSG00000163666"
55,"ENSGALG00000005507","NONO",483.203,501.541,383.418,415.258,392.793,0.926651853,1.247232568,1.358997519,1.361359304,1.0869486,1.458761013,"NONO","ENSG00000147140"
56,"ENSGALG00000005530","VEZF1",11.6085,19.2326,17.7966,20.0728,18.9747,0.777502444,1.02009045,1.110577508,1.001689305,1.145500296,1.182925854,"VEZF1","ENSG00000136451"
57,"ENSGALG00000005653","NFKB2",8.6475,6.91019,14.0039,11.0365,8.68041,0.611320418,1.521651967,0.555133596,0.556632787,1.055099434,0.668032018,"NFKB2","ENSG00000077150"
58,"ENSGALG00000005658","FOXO4",12.6836,23.4732,20.7566,20.5271,15.7042,0.797298209,1.071225454,1.331545148,1.127745901,0.99603427,1.873614138,"FOXO4","ENSG00000184481"
59,"ENSGALG00000005757","IRF8",6.84672,13.2926,11.616,11.8905,16.1887,0.506000344,2.104324953,1.876929731,2.220711755,1.007540306,4.262990116,"IRF8","ENSG00000140968"
60,"ENSGALG00000005768","ETV5",41.1148,46.1722,34.6683,43.7524,31.0456,0.46648956,2.588519462,4.726713704,4.449993191,1.745584539,3.868249527,"ETV5","ENSG00000244405"
61,"ENSGALG00000005787","ZNF143",12.5628,20.2061,16.9887,23.1176,24.1262,1.094080183,0.632820532,0.884782609,1.037066012,0.847229247,1.009643683,"ZNF143","ENSG00000166478"
62,"ENSGALG00000005796","XBP1",71.894,75.7452,69.7234,82.0886,72.7647,0.962184862,0.762305128,0.893028407,0.931170043,1.088494905,1.265918154,"XBP1","ENSG00000100219"
63,"ENSGALG00000005830","MNT",16.9469,19.8034,10.8387,11.9691,12.3581,1.148384954,1.123074277,1.358371466,1.495435558,1.084053503,2.075991299,"MNT","ENSG00000070444"
64,"ENSGALG00000005839","ARID3C",5.2892,6.38415,28.3684,38.3178,38.1187,0.944966935,0.641533072,0.446098394,0.329683797,0.179647512,0.102770257,"ARID3C","ENSG00000205143"
65,"ENSGALG00000005900","E4F1",8.57022,11.5059,7.41713,9.24724,8.67404,1.404626857,0.705157629,1.069019134,1.044232191,0.665823985,1.090296598,"E4F1","ENSG00000167967"
66,"ENSGALG00000005909","GATA2",11.9365,1.36306,14.9905,30.78,19.3357,8.47676862,0.065111824,0.105700549,0.076825,0.171279463,0.004617365,"GATA2","ENSG00000179348"
67,"ENSGALG00000005944","ZNF639",36.5359,34.5332,31.8435,29.6604,35.7997,0.899791166,1.129017962,1.198661526,1.434087504,0.975844211,1.548344864,"ZNF639","ENSG00000121864"
68,"ENSGALG00000006062","ZBTB46",9.12457,9.63716,12.3266,14.2171,12.6671,0.882887414,0.618559908,0.464190912,0.354510904,1.173167715,0.642721568,"ZBTB46","ENSG00000130584"
69,"ENSGALG00000006283","THAP4",25.1461,18.5891,19.321,16.6671,17.2157,1.186139434,0.839517867,0.763586135,0.646382993,0.940617799,0.620482591,"THAP4","ENSG00000176946"
70,"ENSGALG00000006309","SMAD5",24.8784,33.9156,39.6066,36.9355,40.8703,1.118757985,0.679709421,0.684084486,0.696069882,0.891753261,1.128729083,"SMAD5","ENSG00000113658"
71,"ENSGALG00000006374","TBX6",93.2909,0.157686,9.33866,2.34017,1.48782,0.302583026,75.92468231,25.85508944,1.48782,2.838782217,2.562712393,NA,NA
72,"ENSGALG00000006445","ARNT2",4.18416,12.7334,8.14596,7.81822,10.1011,0.975228211,0.995715688,1.297343491,1.500054947,1.225718002,1.907425439,"ARNT2","ENSG00000172379"
73,"ENSGALG00000006480","TCF7",2.04118,10.2824,6.13619,8.53133,9.57015,0.125262419,10.46940234,7.764153948,9.228599531,1.02525491,5.175044793,"TCF7","ENSG00000081059"
74,"ENSGALG00000006586","PLAGL2",13.5367,16.4755,18.0682,16.2485,14.0323,0.766800235,1.100806648,1.26458296,0.912545278,1.036905683,1.577025423,"PLAGL2","ENSG00000126003"
75,"ENSGALG00000006806","HINFP",15.1491,13.7465,11.1869,8.38256,9.54388,0.857501184,1.332746397,1.061505459,1.095729426,1.124487827,1.156343845,"HINFP","ENSG00000172273"
76,"ENSGALG00000006934","PATZ1",35.3755,46.0872,40.2236,42.6588,41.5844,0.733576806,1.208191659,1.997265738,2.120268396,1.375007288,1.846745659,"PATZ1","ENSG00000100105"
77,"ENSGALG00000006966","ZNF518A",8.09832,5.0702,12.4337,7.23673,8.76789,0.760856382,1.051564614,0.958539024,1.186159584,0.780042189,1.238246887,"ZNF518A","ENSG00000177853"
78,"ENSGALG00000007520","SSRP1",240.861,191.334,162.054,162.976,153.003,1.036962988,1.255891812,1.350603718,1.264748915,1.054853374,1.15461765,"SSRP1","ENSG00000149136"
79,"ENSGALG00000007651","STAT1",17.832,16.6256,14.538,12.454,13.881,1.028339524,0.915422008,1.227236894,1.117875867,1.125111205,1.357956727,"STAT1","ENSG00000115415"
80,"ENSGALG00000007669","EGR1",0.282853,0.295864,18.9602,47.4082,20.6273,0.061513064,1.013475446,2.020250144,0.742836256,0.763600777,0.189743984,"EGR1","ENSG00000120738"
81,"ENSGALG00000007690","TFAP2C",122.761,5.32121,86.2315,53.6095,24.5776,0.755545247,2.152139623,0.678961373,0.321172958,1.518107451,0.051829799,"TFAP2C","ENSG00000087510"
82,"ENSGALG00000007843","ATRX",11.8853,22.152,34.4242,36.0188,30.0699,0.851415574,1.106439192,1.449967997,1.519364765,0.653684963,2.091054117,"ATRX","ENSG00000085224"
83,"ENSGALG00000007845","REL",7.51102,5.45448,10.4201,6.99734,6.37833,0.863873667,2.240072404,0.609036312,0.747619416,0.555902423,2.228993159,"REL","ENSG00000162924"
84,"ENSGALG00000007914","DNAJC1",39.4563,59.4299,42.768,47.6232,41.1428,0.844446783,1.38436888,1.32431974,1.132271958,0.947427946,1.538387266,"DNAJC1","ENSG00000136770"
85,"ENSGALG00000007989","ADNP",48.1099,64.995,62.6834,73.2428,59.1183,0.697757301,1.228826053,1.703764702,1.329935661,0.992662822,1.584625512,"ADNP","ENSG00000101126"
86,"ENSGALG00000008014","CEBPB",2.44922,0.445001,3.3169,21.7381,12.6501,1.577518165,0.498861473,0.229534387,0.156918176,0.244945025,0.097798549,"CEBPB","ENSG00000172216"
87,"ENSGALG00000008018","SNAI1",6.12187,5.56073,33.8683,56.8601,16.0978,0.110800365,5.662847216,1.518009985,0.660241082,0.732083193,1.283634425,"SNAI1","ENSG00000124216"
88,"ENSGALG00000008050","HBP1",8.79167,15.3428,7.77907,13.1733,13.5439,1.120486125,0.823758205,1.026989733,0.969887714,1.501007311,1.029697389,"HBP1","ENSG00000283847"
89,"ENSGALG00000008249","DNAJC2",104.423,76.6845,115.526,110.033,123.682,1.073680384,1.182140697,1.34752051,1.639440309,0.741093227,1.066812369,"DNAJC2","ENSG00000105821"
90,"ENSGALG00000008269","ZC3H6",14.5549,16.0351,11.3012,14.9935,13.4223,1.267971543,0.738360621,0.883456875,0.923624778,0.855938981,1.101183241,NA,NA
91,"ENSGALG00000008303","LHX5",10.2301,145.66,15.1162,73.238,92.4406,0.030858218,29.50423547,251.5594087,67.67197898,12.44416602,15.76190286,"LHX5","ENSG00000089116"
92,"ENSGALG00000008335","PHTF2",8.75803,7.99255,11.5887,10.222,6.95342,0.597478578,1.286332708,1.100671257,0.975305352,1.056109387,2.4112875,"PHTF2","ENSG00000006576"
93,"ENSGALG00000008431","SMARCA1",7.27332,13.2287,10.491,11.3899,11.1795,1.008264226,0.849762672,0.974470197,1.036790073,0.978404221,1.085084568,"SMARCA1","ENSG00000102038"
94,"ENSGALG00000008653","MGA",12.1954,14.9952,26.5144,24.7015,16.5087,0.662658782,1.892115235,2.362965868,1.707642275,1.01898364,2.315646427,"MGA","ENSG00000174197"
95,"ENSGALG00000008702","OVOL2",11.0172,2.58015,11.0108,13.0301,7.98055,0.926481273,0.432124832,0.360525151,0.260445664,0.625767498,0.209380173,"OVOL2","ENSG00000125850"
96,"ENSGALG00000008883","TCF7L2",7.42207,14.3889,8.81686,16.3021,12.2264,0.622947399,2.161286448,3.702321715,3.252584478,1.070682868,3.055013556,"TCF7L2","ENSG00000148737"
97,"ENSGALG00000008886","ZNF618",3.19869,14.4346,8.11692,12.694,12.5994,1.138787865,0.718947741,1.185911809,1.287217424,0.90082882,1.675208319,"ZNF618","ENSG00000157657"
98,"ENSGALG00000008942","FOXN2",9.23521,13.262,12.8574,11.7124,10.2421,1.160942337,0.885843616,1.150089848,1.219731785,0.847640245,2.365776691,"FOXN2","ENSG00000170802"
99,"ENSGALG00000009129","DLX5",3.25087,12.997,4.4494,12.591,27.6522,9.340562773,0.088869981,0.233003995,0.425130681,0.281716712,0.05112139,"DLX5","ENSG00000105880"
100,"ENSGALG00000009240","NFE2L2",10.0799,13.0343,14.35,15.2021,13.7405,1.384599303,0.740289822,0.705872793,0.680819332,0.520612966,1.078105873,"NFE2L2","ENSG00000116044"
101,"ENSGALG00000009282","ELMSAN1",6.00103,7.51857,10.1162,10.8599,5.36461,0.701992843,1.558042721,2.273719869,1.682534555,1.160516341,2.637021423,NA,NA
102,"ENSGALG00000009287","ATF2",9.1232,12.767,15.0012,11.6282,12.9475,1.016185372,0.838561814,0.738518796,0.779134422,0.843109168,1.058369049,"ATF2","ENSG00000115966"
103,"ENSGALG00000009399","GATAD1",45.5097,30.7867,43.7646,31.9023,39.601,1.143860563,0.738640545,0.445381213,0.538152851,0.748418788,0.544049975,"GATAD1","ENSG00000157259"
104,"ENSGALG00000009409","MYNN",18.9762,13.9918,19.1085,16.9679,14.0267,0.91911453,1.2585789,1.783999007,1.756151733,1.333712864,2.061318927,"MYNN","ENSG00000085274"
105,"ENSGALG00000009454","ZNF277",14.304,11.3685,21.8276,18.4766,18.7193,0.52270978,1.972171525,2.101093953,1.968045401,0.824034335,1.26806987,"ZNF277","ENSG00000198839"
106,"ENSGALG00000009494","THAP5",70.5179,57.5208,55.0966,47.2715,62.337,1.011933586,0.844605916,0.900363219,1.132057997,0.898308043,1.089126496,"THAP5","ENSG00000177683"
107,"ENSGALG00000009604","DBX2",14.8079,6.32065,9.13084,9.58074,9.21291,0.807803006,1.340777168,1.182811788,1.084800865,0.887657355,0.575624972,"DBX2","ENSG00000185610"
108,"ENSGALG00000009668","HPF1",114.664,117.229,82.1813,73.9843,88.1391,0.974056142,1.240025108,1.371067306,1.781264399,1.118029622,1.342063748,"HPF1","ENSG00000056050"
109,"ENSGALG00000009709","MUM1",19.4963,22.2165,15.5979,16.6662,18.6816,0.877457863,0.895766931,1.023955076,0.882043825,0.953742069,1.023915087,NA,NA
110,"ENSGALG00000009871","RCOR3",18.1605,27.0576,25.6977,27.8104,24.2546,0.495888737,1.426089225,1.918342289,1.837316587,1.569172146,1.870841054,NA,NA
111,"ENSGALG00000009875","HMGA2",25.6556,38.9339,42.6504,64.3256,60.7901,1.111712903,1.053489079,1.881168024,2.518679798,0.588079154,2.230440486,NA,NA
112,"ENSGALG00000009913","SMARCA5",162.481,147.25,168.433,166.88,169.991,0.867330036,1.407137904,1.300620382,1.544109365,0.849449492,1.807640088,"SMARCA5","ENSG00000153147"
113,"ENSGALG00000009925","MTA3",98.7235,59.5105,66.1113,58.1683,64.3641,1.018269191,1.196727573,1.141266515,1.334532456,1.224758549,0.918281219,"MTA3","ENSG00000057935"
114,"ENSGALG00000009944","KAT7",45.7046,50.3724,35.7665,34.6456,32.6026,0.895024674,1.461109522,1.483999469,1.567025868,1.135814312,1.74890807,"KAT7","ENSG00000136504"
115,"ENSGALG00000009977","SMAD1",9.50123,12.6766,8.56164,7.00492,13.6348,1.811008171,0.507720499,0.3856082,0.729410632,0.762477329,0.380580391,"SMAD1","ENSG00000170365"
116,"ENSGALG00000010005","EPAS1",10.953,0.997464,17.2769,6.33631,5.24363,7.720945308,0.109371696,0.026725787,0.015931838,0.137284541,0.002364538,"EPAS1","ENSG00000116016"
117,"ENSGALG00000010104","DMAP1",32.2345,28.7895,30.4796,26.9123,23.9031,1.014255436,1.002292017,1.015631309,0.931422671,0.961867846,1.390091982,"DMAP1","ENSG00000178028"
118,"ENSGALG00000010193","ZNF410",11.3129,8.17921,10.1242,8.15981,9.34253,1.083167065,0.701374456,0.797799157,0.708003425,0.944473201,0.721678019,"ZNF410","ENSG00000119725"
119,"ENSGALG00000010322","JDP2",3.09075,3.71946,11.6547,37.9322,16.9532,1.333625061,0.332468977,0.416812171,0.336470485,0.308350377,0.132372662,"JDP2","ENSG00000140044"
120,"ENSGALG00000010436","DMBX1",1.02269,36.3019,0.345195,6.69021,13.3843,0.218342676,0.345195,6.69021,83.79380075,10.64215696,67.80307134,"DMBX1","ENSG00000197587"
121,"ENSGALG00000010500","NKX6-2",0.597974,19.2794,0.0887416,1.50476,13.6633,1.308495677,0.0887416,7.411369524,110.9034091,2.687608149,66.62657889,"NKX6-2","ENSG00000148826"
122,"ENSGALG00000010870","JUN",17.4772,13.1284,35.6015,90.233,40.2408,0.311986854,1.416259244,0.534825001,0.419202947,1.024124696,0.563032598,"JUN","ENSG00000177606"
123,"ENSGALG00000011019","ROR1",29.499,83.4704,48.7852,52.9838,47.4383,0.268095652,3.251652981,2.044009799,1.803415359,1.737023406,1.768335777,"ROR1","ENSG00000185483"
124,"ENSGALG00000011118","MIER1",15.6687,21.6896,17.8324,16.1373,16.7486,0.715579507,1.403010204,1.5642072,1.486584121,0.988948358,1.733143688,"MIER1","ENSG00000198160"
125,"ENSGALG00000011171","TBP",72.385,50.5919,56.0442,54.2284,49.8044,1.168509855,0.925622155,0.834620777,0.957197083,0.954388195,1.129396926,"TBP","ENSG00000112592"
126,"ENSGALG00000011291","NR1D2",13.8869,11.7512,13.695,16.5511,13.1555,0.83792625,0.937493582,1.057672891,1.207668934,0.637903315,3.424777704,"NR1D2","ENSG00000174738"
127,"ENSGALG00000011327","NR2C1",28.7164,26.0399,29.6489,32.7573,28.8723,0.801355194,1.14499274,1.304131284,1.220939969,1.01504376,1.231037971,"NR2C1","ENSG00000120798"
128,"ENSGALG00000011489","T",11.9476,3.29513,8.91645,4.53141,25.4869,0.175622585,36.94039126,21.37084565,102.5114128,1.625050666,21.90008108,NA,NA
129,"ENSGALG00000011630","GLI2",1.84926,23.0677,2.96766,9.14866,10.108,0.208895224,2.119393818,3.097167116,2.917643255,5.457797296,5.458131226,NA,NA
130,"ENSGALG00000011657","EAF2",58.8776,42.9464,41.3291,44.083,51.6209,1.665758509,0.717608798,0.891022868,1.083562133,0.497331633,1.592896459,"EAF2","ENSG00000145088"
131,"ENSGALG00000011682","CNOT4",15.9405,11.5391,13.3497,11.1006,9.47153,0.905675783,0.895232028,0.941422914,0.806492622,1.02643932,1.072038425,"CNOT4","ENSG00000080802"
132,"ENSGALG00000011718","ZBTB1",21.8543,19.5522,26.2065,24.1821,20.7492,0.422841661,2.755431954,1.990214394,1.940755568,1.389815957,2.707633421,"ZBTB1","ENSG00000126804"
133,"ENSGALG00000011870","HIF1A",23.1125,45.7168,36.6504,42.4232,51.181,0.841305961,1.735883373,1.709248261,2.295904864,1.006032933,1.651630431,"HIF1A","ENSG00000100644"
134,"ENSGALG00000011937","NFE2L1",49.517,47.8527,41.6662,69.2614,41.8234,0.938136907,0.924563638,0.998964421,0.901926196,1.314742094,0.847020903,"NFE2L1","ENSG00000082641"
135,"ENSGALG00000011953","PHF5A",226.214,159.012,191.612,147.801,188.359,0.935531178,1.039262799,0.953659434,1.255852252,0.994985793,1.000044024,"PHF5A","ENSG00000100410"
136,"ENSGALG00000011958","TEF",20.098,30.2132,31.4068,32.791,28.7875,0.793070291,1.1965726,1.476274086,1.457314542,1.285802939,1.778994659,"TEF","ENSG00000167074"
137,"ENSGALG00000012068","NEUROG2",13.8272,3.64611,9.44686,6.58768,2.3566,0.325692346,4.583851715,6.776354025,2.329553879,2.126790373,2.797920424,"NEUROG2","ENSG00000178403"
138,"ENSGALG00000012135","ATF4",451.316,460.173,404.319,614.374,376.858,0.432532233,1.151577898,1.074986265,0.976594366,1.233697078,1.305566431,"ATF4","ENSG00000128272"
139,"ENSGALG00000012277","MAFF",9.14667,8.35894,12.9434,24.8848,12.928,0.486887526,1.70417545,0.66633285,0.57858933,1.18462995,1.084126428,"MAFF","ENSG00000185022"
140,"ENSGALG00000012304","NFKB1",17.2693,11.1305,16.5407,13.5383,10.9865,1.416850557,0.598732363,0.666619068,0.734691285,0.710489505,0.546942566,"NFKB1","ENSG00000109320"
141,"ENSGALG00000012619","PRDM4",10.3716,10.4386,9.53751,8.25481,7.49405,0.878477716,1.03678504,0.808954068,0.67737314,1.066114607,0.864788289,"PRDM4","ENSG00000110851"
142,"ENSGALG00000012680","E2F3",10.0435,14.7539,19.4718,16.5603,14.1705,0.686382358,1.293248763,1.384883633,1.547396491,0.668893314,2.582726043,"E2F3","ENSG00000112242"
143,"ENSGALG00000012702","JARID2",39.9542,23.2345,60.7118,57.7752,39.6983,0.687704861,1.259463328,1.746365969,1.4857037,1.127359941,0.699771105,"JARID2","ENSG00000008083"
144,"ENSGALG00000012739","HIVEP1",6.98218,6.54114,10.5974,9.45081,6.60913,0.434413158,1.877836273,1.18954723,1.042490634,1.431707547,1.089182506,"HIVEP1","ENSG00000095951"
145,"ENSGALG00000012775","TFAP2A",2.35991,23.7198,26.4694,42.5371,41.7985,3.410723326,0.221388245,0.394464691,0.50676458,0.036255494,0.181783207,"TFAP2A","ENSG00000137203"
146,"ENSGALG00000012877","CREB3L2",18.4668,31.2882,45.163,39.4991,30.9984,0.575570711,1.935004284,1.123838437,1.089984634,1.636213817,1.623362406,"CREB3L2","ENSG00000182158"
147,"ENSGALG00000012966","ZBTB2",32.5086,24.4215,25.326,25.3515,23.7995,0.997386085,0.898196585,0.983031591,0.998560867,0.919134715,1.037526234,"ZBTB2","ENSG00000181472"
148,"ENSGALG00000012986","KDM5A",19.9696,23.2946,20.8082,20.8047,17.6953,0.831681741,1.212846443,1.248519219,0.950333242,1.211732867,1.492478216,"KDM5A","ENSG00000073614"
149,"ENSGALG00000013193","IRX2",0.293296,20.308,1.71569,7.5517,8.02136,0.031907279,1.71569,39.43920158,41.42109122,1.796881605,8.537687661,"IRX2","ENSG00000170561"
150,"ENSGALG00000013342","GBX2",8.27573,38.8262,13.5463,37.4808,68.6347,0.114402457,21.25476598,148.7539936,77.68825633,0.742104791,22.68959029,"GBX2","ENSG00000168505"
151,"ENSGALG00000013420","FOXM1",25.007,32.6393,33.0623,28.9894,28.2814,0.56210548,1.488944031,2.440287891,2.063010621,1.113932283,1.810086569,"FOXM1","ENSG00000111206"
152,"ENSGALG00000013454","HOXB1",0.228274,1.19356,1.29741,5.05522,23.3813,0.539678282,16.79649521,14.24563421,30.88181297,0.099412948,1.042774768,"HOXB1","ENSG00000120094"
153,"ENSGALG00000013602","PCM1",14.5119,26.4698,27.3327,26.447,28.9056,0.899259861,1.152330361,1.486563204,1.682808407,0.78803067,1.720885479,"PCM1","ENSG00000078674"
154,"ENSGALG00000013660","ZNF516",7.46533,10.9924,11.4524,14.2759,11.9087,0.500742203,1.779854098,2.830890956,1.981579779,1.041500532,2.225006528,"ZNF516","ENSG00000101493"
155,"ENSGALG00000013683","ARID1B",7.43306,11.1538,10.1412,12.9215,9.74795,0.846474776,1.323346339,1.586756785,1.316018982,1.256197705,1.900631681,"ARID1B","ENSG00000049618"
156,"ENSGALG00000013754","PLAGL1",6.8489,11.8578,12.3271,15.6321,13.0686,1.24710597,0.653170982,0.832362463,0.801838229,0.71717507,1.140545948,"PLAGL1","ENSG00000118495"
157,"ENSGALG00000013981","TBPL1",59.5267,65.1804,55.5443,46.6183,49.8436,0.719965865,1.39493002,1.415760399,1.562911748,1.013629328,1.866606337,"TBPL1","ENSG00000028839"
158,"ENSGALG00000014138","NFXL1",10.1145,12.4288,16.3798,15.8736,14.1496,0.907776652,0.979377806,1.003508639,1.027820958,0.8433529,1.318024533,"NFXL1","ENSG00000170448"
159,"ENSGALG00000014297","IRF7",7.75738,2.12619,8.91007,10.3351,5.08498,0.398790357,1.388328472,0.143938086,0.085925268,0.897210422,0.960816124,"IRF7","ENSG00000185507"
160,"ENSGALG00000014329","FOXJ2",9.54825,12.3425,12.9892,14.1857,11.7843,1.086525729,0.806442,0.759613171,0.668582419,0.934764944,0.960834838,NA,NA
161,"ENSGALG00000014342","TEAD4",29.9684,28.886,30.0525,35.4808,33.0195,0.504600283,1.235233915,1.073221194,0.929935534,1.302634095,1.480164383,"TEAD4","ENSG00000197905"
162,"ENSGALG00000014365","RBPJ",5.38769,10.1148,10.6564,12.4021,12.6957,1.102764536,0.749400488,1.211817125,1.249933544,0.722115593,1.448501634,"RBPJ","ENSG00000168214"
163,"ENSGALG00000014795","TGIF1",123.896,55.4685,100.848,90.8023,56.684,0.550674282,3.573635719,2.50257141,1.674727521,1.887769328,1.488835445,"TGIF1","ENSG00000177426"
164,"ENSGALG00000015000","LYAR",68.7045,46.9331,78.1449,63.7135,77.7667,1.190656076,0.948757672,0.929081075,1.356472429,0.540788697,1.80260252,"LYAR","ENSG00000145220"
165,"ENSGALG00000015013","MSX1",8.93648,43.7057,25.147,13.4061,33.9691,4.972203444,0.084314324,0.040345064,0.109646005,0.055651611,0.129749411,"MSX1","ENSG00000163132"
166,"ENSGALG00000015112","ZNF521",10.5139,24.881,12.5626,20.1197,20.8734,0.585159919,1.729244754,2.932434934,2.663456238,3.222740244,2.137065604,"ZNF521","ENSG00000198795"
167,"ENSGALG00000015208","ROR2",12.4791,6.23766,14.0391,13.6445,8.41246,0.296989123,4.944320007,4.153817116,2.541943399,3.750067614,1.151116762,"ROR2","ENSG00000169071"
168,"ENSGALG00000015446","POU2F1",7.98776,12.8809,11.3446,13.7112,11.5218,1.054149111,0.856959405,1.713126951,1.825119992,1.170643917,2.076214976,"POU2F1","ENSG00000143190"
169,"ENSGALG00000015451","ZNF462",29.1032,19.8547,78.8233,49.7197,33.8656,0.165246824,16.6184845,9.066634329,7.224306861,2.128889734,2.619885834,"ZNF462","ENSG00000148143"
170,"ENSGALG00000015705","NSD2",16.3129,33.7724,25.4252,27.3259,24.3481,0.73691849,1.526736443,2.301729294,2.302703878,1.252920529,3.032559309,"NSD2","ENSG00000109685"
171,"ENSGALG00000015763","GABPA",68.3232,60.2172,62.0701,55.9541,62.4785,1.075870669,1.028802103,1.145375234,1.190350083,0.866366225,1.47590453,"GABPA","ENSG00000154727"
172,"ENSGALG00000015828","BACH1",5.94498,15.3765,16.5115,20.9291,21.3921,1.577657996,0.331491657,0.282158409,0.286923142,0.612375696,0.677193894,"BACH1","ENSG00000156273"
173,"ENSGALG00000016059","ETS2",4.39776,5.87139,10.3333,10.0187,8.44771,3.483620915,0.14183631,0.107253964,0.117875133,0.133343845,0.15856879,"ETS2","ENSG00000157557"
174,"ENSGALG00000016191","PKNOX1",4.57388,8.73409,9.97046,8.9668,10.5385,0.753962204,1.017612976,1.136483755,1.090532233,0.767257026,1.822769145,"PKNOX1","ENSG00000160199"
175,"ENSGALG00000016282","ZNF451",13.9384,13.3596,13.949,13.9218,17.49,0.989569145,0.917148286,1.097250136,1.599831693,1.003650713,1.453334175,"ZNF451","ENSG00000112200"
176,"ENSGALG00000016397","SOX11",17.5322,30.6033,43.8726,34.1107,39.8641,0.075789217,18.46008197,9.619052722,16.00466521,3.369963229,18.38787012,"SOX11","ENSG00000176887"
177,"ENSGALG00000016440","KLF11",21.5275,16.9698,11.1931,13.3183,10.0846,1.642190278,0.942156343,0.766587043,0.634111988,0.764927229,1.550957364,"KLF11","ENSG00000172059"
178,"ENSGALG00000016454","E2F6",45.7021,32.4573,23.6133,24.3901,25.8996,1.368775224,0.915478378,1.206952692,1.14942794,0.854916009,1.055377802,"E2F6","ENSG00000169016"
179,"ENSGALG00000016462","MYCN",119.433,119.574,113.737,85.8359,77.2078,0.322690945,5.052193458,3.381496218,4.862288949,1.644117914,22.53549264,"MYCN","ENSG00000134323"
180,"ENSGALG00000016506","ZNF512",45.2945,41.8416,60.7932,55.6095,49.4679,0.936606397,1.142329937,1.156870659,1.265480862,0.866772555,1.61379853,"ZNF512","ENSG00000243943"
181,"ENSGALG00000016617","NCOA1",12.7522,10.9656,7.31083,12.2869,10.0512,1.606849017,0.451776622,0.633841979,0.526315238,0.983799046,0.676550614,"NCOA1","ENSG00000084676"
182,"ENSGALG00000016633","HMBOX1",13.236,7.56334,13.9349,10.5642,8.36276,0.513309747,2.170075326,2.142122819,1.700639766,1.490817551,1.952262954,"HMBOX1","ENSG00000147421"
183,"ENSGALG00000016704","CDC5L",92.0377,73.8695,82.3748,85.4824,97.5962,1.03079704,1.048907542,1.157068913,1.291520494,1.007033215,1.051975369,"CDC5L","ENSG00000096401"
184,"ENSGALG00000016823","TFDP1",85.8034,79.0584,87.4445,77.713,86.257,1.144611725,0.944533137,1.044132407,1.276487746,0.805053434,1.428165747,"TFDP1","ENSG00000198176"
185,"ENSGALG00000016927","KLF5",34.8039,12.2378,67.0532,54.1097,34.5683,1.743347074,0.446631275,0.327429564,0.290614465,0.421397065,0.244100833,"KLF5","ENSG00000102554"
186,"ENSGALG00000016971","TSC22D1",43.32,69.6235,76.6568,59.9953,55.602,0.417484163,1.959579744,1.364512615,1.090697236,1.588168657,1.187510447,NA,NA
187,"ENSGALG00000017098","GTF3A",25.6159,20.0722,21.0467,17.1699,22.174,1.082112635,0.970202507,0.734330695,0.843692095,0.760163096,0.965687454,"GTF3A","ENSG00000122034"
188,"ENSGALG00000017142","PSPC1",178.758,133.592,113.246,98.2722,106.519,1.199750985,0.851300864,0.706019024,0.95068053,1.095216797,0.965002131,"PSPC1","ENSG00000121390"
189,"ENSGALG00000017388","YY1",37.0758,33.3295,35.9816,34.538,32.4884,0.743821842,0.821771641,0.718068131,0.716955317,0.887762432,0.91056744,NA,NA
190,"ENSGALG00000017389","SIX4",5.9385,8.31701,6.88959,11.6283,7.4098,1.007917743,0.945516353,1.717200805,1.46950448,0.963879475,1.632508411,"SIX4","ENSG00000100625"
191,"ENSGALG00000019087","RFXAP",53.0532,67.4936,40.1335,44.9152,63.9172,1.058088629,0.803203327,1.16555384,1.613276291,1.063744636,1.036597671,"RFXAP","ENSG00000133111"
192,"ENSGALG00000021636","CUX1",4.78061,7.38678,7.1435,9.7556,10.8252,1.045523903,0.657671841,0.812053107,0.787837326,0.755145947,0.662236088,"CUX1","ENSG00000257923"
193,"ENSGALG00000024047","MYCL",43.1012,54.8507,34.7213,30.7018,46.4404,0.481701434,2.001885346,2.384994834,2.552638088,1.668765148,1.561905928,"MYCL","ENSG00000116990"
194,"ENSGALG00000024081","TGIF2",49.9198,31.7685,49.6453,47.4679,38.6324,1.045829112,0.804784422,0.950727047,0.910329942,1.062593658,0.799664211,"TGIF2","ENSG00000118707"
195,"ENSGALG00000024378","ZNF414",6.499,10.2038,5.10819,5.90743,6.13514,0.577355188,1.277449897,1.559729846,1.398663606,1.473813114,1.3482573,"ZNF414","ENSG00000133250"
196,"ENSGALG00000025759","TFDP2",54.7736,61.5819,63.2859,60.67,60.0753,1.018783015,1.111882399,1.110787658,1.303909865,0.709335364,1.929596044,"TFDP2","ENSG00000114126"
197,"ENSGALG00000025887","ATF3",8.04025,0.554431,72.8959,91.7204,26.7946,0.15585513,2.758564709,0.386422198,0.283114122,0.438835158,0.038063889,"ATF3","ENSG00000162772"
198,"ENSGALG00000025907","ZBTB7A",8.669,7.20108,12.4197,12.2778,7.8057,0.655267841,1.002785583,1.261626927,0.745530086,1.114545272,0.904124449,"ZBTB7A","ENSG00000178951"
199,"ENSGALG00000026231","ARID3A",17.7978,21.5107,29.5499,33.3761,26.9089,1.081990125,0.663677301,0.5771526,0.46763035,0.715132959,0.428719484,"ARID3A","ENSG00000116017"
200,"ENSGALG00000026252","FOXE1",3.96448,0.969483,13.9075,9.10736,3.413,0.687994248,1.028722114,0.93690854,0.533312082,0.541734762,0.207141209,"FOXE1","ENSG00000178919"
201,"ENSGALG00000026264","MAFA",75.4227,13.3459,46.7438,15.6284,8.39234,0.320021051,6.740487802,2.305294755,1.509041837,3.900575601,1.031926081,"MAFA","ENSG00000182759"
202,"ENSGALG00000026558","ZNF362",8.63004,12.3475,7.95796,11.9636,9.73639,0.88995044,1.285981151,1.537192461,1.309050452,1.116527112,1.011460074,"ZNF362","ENSG00000160094"
203,"ENSGALG00000027069","TSC22D3",1.13144,5.31996,1.6154,27.0024,10.6486,1.222310264,1.638607599,0.670217677,0.516148108,1.048114868,3.723949656,NA,NA
204,"ENSGALG00000027188","SREBF1",4.40674,11.6465,5.00121,8.76665,8.00186,0.510144545,1.336857328,1.067178832,0.965333288,2.477283204,0.747437732,"SREBF1","ENSG00000072310"
205,"ENSGALG00000027247","EOMES",58.5513,3.30641,83.3216,36.7651,14.5984,0.115430813,6.859833859,7.193511085,3.597428296,0.701616498,2.345670342,"EOMES","ENSG00000163508"
206,"ENSGALG00000027498","FOXB1",2.6928,20.5673,4.09438,10.3798,13.1213,0.097202018,29.42506432,39.87798178,37.40478688,1.520170714,583.870345,"FOXB1","ENSG00000171956"
207,"ENSGALG00000027591","TSC22D2",28.7728,27.7889,26.1917,23.1315,20.3177,1.008521784,1.067693662,0.818483868,0.79402305,1.034858795,1.115482498,"TSC22D2","ENSG00000196428"
208,"ENSGALG00000027772","NANOG",362.954,14.9101,192.021,87.4531,41.8546,1.823534926,0.4221253,0.154716063,0.164814983,0.844961367,0.366915787,"NANOGP8","ENSG00000255192"
209,"ENSGALG00000027823","TFAP4",27.2735,21.5797,18.9685,17.9023,16.0312,0.835732926,1.562222039,1.472143873,1.519861962,0.978140803,2.234726139,"TFAP4","ENSG00000090447"
210,"ENSGALG00000027838","HMG20B",28.0239,21.8281,22.2553,26.3015,24.5654,0.924543817,0.83843053,0.658926187,0.542549644,1.341594657,0.56473842,"HMG20B","ENSG00000064961"
211,"ENSGALG00000027864","NFKBIA",51.2292,21.3533,18.5062,56.6694,21.2096,1.237709524,0.9485446,1.751509832,0.934640062,1.776989996,1.711646213,NA,NA
212,"ENSGALG00000028015","HES1",85.1331,30.3498,14.7641,32.6499,55.5232,1.017305491,1.965093343,4.624173241,10.88487439,1.656624408,0.635715064,"HES1","ENSG00000114315"
213,"ENSGALG00000028037","FOS",3.60734,2.03455,44.2152,155.971,62.9047,0.4613029,0.836526619,1.248507116,0.793653017,0.565891874,0.201552346,"FOS","ENSG00000170345"
214,"ENSGALG00000028817","OTX1",2.2081,43.1932,10.409,16.7356,17.2115,0.103268325,2.000749632,5.655160762,19.6550783,8.983429415,7.830699725,"OTX1","ENSG00000115507"
215,"ENSGALG00000029401","SIX1",1.14794,4.29682,1.83792,4.43389,10.4455,0.955438757,0.27681811,1.043022818,2.923265505,1.10021277,0.28468016,"SIX1","ENSG00000126778"
216,"ENSGALG00000029691","NFKBIB",103.065,64.6048,57.7714,56.7216,64.3363,0.894572401,0.987057676,0.73172544,0.835623182,1.017423495,0.718063285,"NFKBIB","ENSG00000282905"
217,"ENSGALG00000030396","HMGA1",784.099,647.063,540.821,754.024,833.219,0.340667245,3.591895967,3.09589581,3.646520523,1.616468997,3.207490024,"HMGA1","ENSG00000137309"
218,"ENSGALG00000030889","FOXA2",9.93154,1.2326,14.3177,16.1374,10.6344,0.249831328,4.455706523,6.091492807,2.938069136,1.373961043,0.452907005,"FOXA2","ENSG00000125798"
219,"ENSGALG00000030998","MTA2",152.663,148.011,106.041,126.379,107.55,1.000037721,1.14500528,1.223606754,1.099144803,1.130811908,0.997916667,"MTA2","ENSG00000149480"
220,"ENSGALG00000031144","ZIC3",21.6708,121.43,45.6811,55.1188,58.394,0.004946531,192.848971,185.9903561,60.88479705,16.681138,287.4695201,"ZIC3","ENSG00000156925"
221,"ENSGALG00000031340","E2F7",9.81546,13.1227,15.5594,13.0046,12.6255,1.175951515,0.78383702,0.778620652,0.769880422,0.693177308,0.747570327,"E2F7","ENSG00000165891"
222,"ENSGALG00000031796","SP3",36.544,41.7076,37.9675,39.3648,39.0042,1.046339633,1.103004192,1.346666074,1.36041073,0.971969179,1.5469719,"SP3","ENSG00000172845"
223,"ENSGALG00000031890","YBX3",186.833,150.401,129.355,123.534,123.446,1.01992192,0.84510953,0.657204113,0.610879903,0.990872641,0.683575659,"YBX3","ENSG00000060138"
224,"ENSGALG00000031960","LEF1",13.4206,10.0347,7.63149,8.79707,12.9577,1.901830442,0.621350583,0.54750708,0.793689781,0.974258087,0.39869442,"LEF1","ENSG00000138795"
225,"ENSGALG00000032029","SRF",38.628,36.6037,38.6416,40.322,34.5766,1.111755207,0.727456193,0.566611488,0.572681183,0.872888001,0.792214145,"SRF","ENSG00000112658"
226,"ENSGALG00000032249","MAX",67.2898,66.9132,49.93,46.2441,48.8564,0.728521931,1.216389712,0.79968631,0.848515163,1.419409411,0.944780096,"MAX","ENSG00000125952"
227,"ENSGALG00000032259","SIX3",0.851687,40.7557,1.16185,38.2769,65.9191,0.052349701,1.16185,38.2769,63.85653395,8.224012901,55.38068728,"SIX3","ENSG00000138083"
228,"ENSGALG00000032365","CEBPG",31.6639,39.0812,39.0783,55.1373,39.1113,0.91663404,0.91695,0.895001769,0.778187208,0.702329646,0.91704602,"CEBPG","ENSG00000153879"
229,"ENSGALG00000032599","ZNF384",13.5315,10.5711,12.3077,10.8009,8.66735,1.090211819,0.946513166,1.068327712,0.883247308,0.888949474,0.80614805,"ZNF384","ENSG00000126746"
230,"ENSGALG00000032642","SMARCC1",151.44,195.352,143.919,146.01,121.75,0.789777583,1.358162052,1.523111106,1.441273577,1.201008771,1.719678163,"SMARCC1","ENSG00000173473"
231,"ENSGALG00000032659","ZBED4",13.1215,18.9468,28.8096,24.33,23.7749,1.001784128,0.805000517,0.818552511,0.906587708,0.583110396,0.91920319,"ZBED4","ENSG00000100426"
232,"ENSGALG00000033102","LRRFIP2",29.5258,28.3388,37.9756,29.9245,31.828,0.970739106,0.954748526,0.668904208,0.791262993,0.588867172,1.024485295,"LRRFIP2","ENSG00000093167"
233,"ENSGALG00000033178","KLF6",0.594872,5.34323,7.12007,20.2698,6.62388,0.237216769,0.612178975,0.297868026,0.15999401,0.673178096,0.795742818,"KLF6","ENSG00000067082"
234,"ENSGALG00000033246","ZNF740",83.856,81.2952,73.9727,77.4791,71.813,0.856464615,1.197917122,1.356054096,1.494301665,1.11805913,1.160632118,"ZNF740","ENSG00000139651"
235,"ENSGALG00000033416","HIC2",2.05576,8.03353,10.8345,14.549,15.5785,2.56467765,0.174662669,0.262094087,0.29544183,0.285528964,0.247430685,"HIC2","ENSG00000169635"
236,"ENSGALG00000033439","PRDM14",116.818,23.2739,96.4366,66.4946,25.7911,0.339649054,5.944730061,8.357446209,16.22765568,2.550460999,9.011216639,"PRDM14","ENSG00000147596"
237,"ENSGALG00000033497","FOXP4",4.02362,19.4573,8.56546,11.2638,13.6101,1.353517499,0.716451143,0.794024969,0.61495398,0.518345415,0.684985953,"FOXP4","ENSG00000137166"
238,"ENSGALG00000033631","MYC",9.10536,9.90927,23.8804,33.6078,21.3281,1.964188205,0.301504594,0.318138188,0.313620857,0.087708402,0.522260696,"MYC","ENSG00000136997"
239,"ENSGALG00000033932","BF1",12.1696,15.9281,11.9657,7.57383,6.04816,0.798873447,0.934054096,0.809005651,1.13838932,1.281025359,1.017139537,"HLA-A","ENSG00000229215"
240,"ENSGALG00000034076","PBX4",20.2344,20.7594,13.867,13.6159,13.1004,1.004903728,1.601253567,1.701372879,1.716441964,1.371963251,1.20179232,"PBX4","ENSG00000105717"
241,"ENSGALG00000034094","SP5",5.15273,72.823,6.38195,15.1906,43.9144,1.020391886,1.147461254,2.235940552,6.398596559,0.586890015,14.60388445,"SP5","ENSG00000204335"
242,"ENSGALG00000034197","ZIC5",0.738033,35.3439,1.62963,8.41725,17.451,0.069127348,1.62963,42.87690004,109.9518004,7.738652843,221.9299623,"ZIC5","ENSG00000139800"
243,"ENSGALG00000034253","ZNF644",19.4041,40.4055,45.8112,46.5267,57.0674,0.70966052,0.96159998,1.004761781,1.21818632,0.777333109,2.073140072,"ZNF644","ENSG00000122482"
244,"ENSGALG00000034567","POU4F3",4.84932,14.0673,3.1073,3.56911,4.50533,0.22579088,12.67225383,14.55775404,45.43385396,3.187029272,21.69701027,"POU4F3","ENSG00000091010"
245,"ENSGALG00000034661","ID1",113.68,44.7308,27.8225,43.8146,59.8146,2.073059574,0.736551596,0.519603762,0.804977801,1.255163139,0.224262874,NA,NA
246,"ENSGALG00000034889","OTX2",84.6628,186.899,106.865,118.502,106.287,0.058115005,33.51985973,14.77299218,21.12616427,5.79449589,20.4646564,"OTX2","ENSG00000165588"
247,"ENSGALG00000034983","CDX2",1.33473,0.312294,5.07487,7.84552,23.9964,10.41187262,0.088986596,0.065418039,0.16471315,0.022006509,0.006942134,"CDX2","ENSG00000165556"
248,"ENSGALG00000035016","ID2",62.9122,228.44,51.6189,90.7258,138.672,3.182710209,0.224397804,0.365846066,0.69142746,0.311810828,0.561349362,"ID2","ENSG00000115738"
249,"ENSGALG00000035031","HEY1",10.4811,15.5217,16.6421,17.8529,20.2698,0.579648001,4.060573972,6.334027539,5.888344043,0.575919424,4.18309267,"HEY1","ENSG00000164683"
250,"ENSGALG00000035157","SOX21",8.23788,87.2139,27.9532,38.1462,60.7195,0.084799594,13.37448087,30.32409873,39.7970152,2.947447512,9.603648364,"SOX21","ENSG00000125285"
251,"ENSGALG00000035317","ID3",208.685,77.4601,58.7662,167.839,145.862,2.365798707,0.275933926,0.54533728,0.463925854,1.87855574,0.12011031,"ID3","ENSG00000283060"
252,"ENSGALG00000035352","ZBTB17",12.8728,12.4328,10.3652,10.4876,8.39935,1.031625053,1.210886436,1.127702562,0.882035433,1.281436649,0.993638311,"ZBTB17","ENSG00000116809"
253,"ENSGALG00000035487","SP1",34.4718,32.7819,30.4213,32.6169,27.2632,0.805087225,0.964148641,0.919884595,0.763008239,1.059288805,0.900166403,"SP1","ENSG00000185591"
254,"ENSGALG00000035502","ZBTB39",12.4043,16.3604,22.3894,19.2733,15.5394,0.23653068,2.84425056,2.150692299,2.243914555,1.837401866,1.980241642,"ZBTB39","ENSG00000166860"
255,"ENSGALG00000035504","ETV1",11.4315,7.62069,19.6193,11.441,10.0625,0.383186454,2.682339269,1.300428399,0.848504524,0.800284228,0.927881408,"ETV1","ENSG00000006468"
256,"ENSGALG00000035530","TFCP2",74.1027,56.0526,72.0988,65.8604,55.5724,1.03640976,1.128107236,1.068650565,0.961516767,0.943191639,1.079626723,"TFCP2","ENSG00000135457"
257,"ENSGALG00000035630","UBP1",29.1816,37.5221,41.3239,39.444,32.5992,1.129065746,0.937370846,1.054040837,0.890992825,0.706082185,1.484665514,"UBP1","ENSG00000153560"
258,"ENSGALG00000035669","ADNP2",59.6789,46.7035,38.4925,48.5743,39.1845,1.157942456,1.439052657,2.724790764,2.127268582,0.981472071,1.689370784,"ADNP2","ENSG00000101544"
259,"ENSGALG00000035701","SMAD3",8.00874,12.7126,6.15873,7.4286,9.07652,1.690397209,0.94416909,1.151003561,1.236854405,1.086763419,2.456374931,"SMAD3","ENSG00000166949"
260,"ENSGALG00000035981","NOTO",76.1155,5.69142,18.7138,14.8644,30.5955,0.325043016,4.603029364,7.007245591,13.42879716,5.457364508,2.154918539,"NOTO","ENSG00000214513"
261,"ENSGALG00000036163","ZNF710",7.46845,21.3168,7.94088,12.6383,19.3384,0.736043109,0.972235588,1.614072416,2.524542568,1.367272028,2.098213495,"ZNF710","ENSG00000140548"
262,"ENSGALG00000036497","SOX4",6.24042,29.4973,16.3091,18.5072,27.9894,0.252400807,3.26461451,3.725964297,6.122250779,0.962082027,6.535856331,"SOX4","ENSG00000124766"
263,"ENSGALG00000036678","ETV4",20.8949,5.70002,26.3893,12.8132,9.05461,0.022105096,297.2547977,23.17834912,32.89379804,5.480025807,41.12004848,"ETV4","ENSG00000175832"
264,"ENSGALG00000036821","HSF1",35.566,28.0707,30.5843,33.5101,25.8939,1.005748047,1.375564451,1.368775989,1.109511914,0.897200128,0.850763911,"HSF1","ENSG00000284774"
265,"ENSGALG00000037030","CREBL2",11.7019,16.8534,4.71965,7.33695,9.47548,1.200091108,1.222298765,1.48057601,2.091015818,1.441475733,1.334753615,"CREBL2","ENSG00000111269"
266,"ENSGALG00000037261","RFXANK",18.9579,12.6849,12.4859,10.0159,13.2516,1.207818419,0.877434996,0.630640784,0.76338059,0.819783356,0.697049126,"RFXANK","ENSG00000064490"
267,"ENSGALG00000037455","PBRM1",35.0918,40.2689,33.9864,34.2049,27.1628,1.001197538,1.08756828,1.427964899,1.26413865,0.996662814,1.471531465,"PBRM1","ENSG00000163939"
268,"ENSGALG00000037687","GRHL2",5.97363,4.5674,20.1368,20.1568,11.9897,1.503024314,0.42318871,0.389638908,0.291346619,0.317927225,0.207939904,"GRHL2","ENSG00000083307"
269,"ENSGALG00000037913","KLF10",37.7502,25.9407,33.5267,24.4066,23.8199,1.166831212,1.086511414,0.765034825,1.009904054,0.844226972,0.898391666,"KLF10","ENSG00000155090"
270,"ENSGALG00000037935","RARA",20.9834,10.7221,16.0035,19.1275,17.3527,1.186190521,0.537757437,0.521951858,0.415339065,0.691957381,0.291407341,"RARA","ENSG00000131759"
271,"ENSGALG00000038018","DNMT1",17.9787,29.8454,19.1416,25.9976,22.5705,0.866667363,1.215239377,1.553663099,1.432320091,1.142999733,1.520358626,"DNMT1","ENSG00000130816"
272,"ENSGALG00000038059","NR1H3",7.82275,10.1539,6.97934,7.85083,7.48862,1.442844166,0.884319333,0.981155066,0.78423081,0.806713581,1.266258627,"NR1H3","ENSG00000025434"
273,"ENSGALG00000038200","GATAD2B",13.196,15.6187,8.74726,11.675,8.86803,0.749176313,1.932630593,2.261970035,1.814055817,1.706620591,2.094271516,"GATAD2B","ENSG00000143614"
274,"ENSGALG00000038340","ZBTB14",8.84082,11.1737,12.2565,12.9521,11.6725,0.743102843,1.455110785,1.465216093,1.141073768,0.821309328,2.286871523,"ZBTB14","ENSG00000198081"
275,"ENSGALG00000038420","HSF2",71.5651,99.6309,80.0377,76.7015,79.5053,0.759864414,1.422715395,1.66573645,2.045336558,1.071619384,3.80135677,"HSF2","ENSG00000025156"
276,"ENSGALG00000038488","GMEB1",14.7545,14.4271,10.671,12.7552,10.3087,0.941130166,0.954711377,1.283243845,0.991993764,1.113295103,1.204748146,"GMEB1","ENSG00000162419"
277,"ENSGALG00000038657","ZNF777",10.215,10.7903,9.0982,10.2842,10.391,0.832759227,1.115432052,0.89235388,0.920298648,1.205735121,0.843730452,NA,NA
278,"ENSGALG00000038780","PRDM2",8.63054,11.8479,19.5275,16.6239,14.1878,1.101451799,0.743584666,0.776284515,0.584153361,0.731494682,1.144691458,"PRDM2","ENSG00000116731"
279,"ENSGALG00000038915","E2F5",19.7023,16.5951,13.1253,12.7268,12.7923,1.370658194,0.95654994,1.754092418,1.550713394,0.93850866,1.251128987,"E2F5","ENSG00000133740"
280,"ENSGALG00000038948","KDM5B",77.238,81.5431,69.5411,76.1515,61.3171,0.593975361,1.700737121,1.642541305,1.520833075,1.576742648,1.708445947,"KDM5B","ENSG00000117139"
281,"ENSGALG00000039118","MEIS2",5.19535,24.9753,14.02,36.892,39.0388,0.01775485,77.5712776,23.18589188,18.59831829,2.491404156,3.356056147,"MEIS2","ENSG00000134138"
282,"ENSGALG00000039238","SALL1",16.3854,67.4581,64.1774,69.9305,66.5998,0.490786476,1.343683198,2.714124368,3.762551763,0.551116164,2.27396563,"SALL1","ENSG00000103449"
283,"ENSGALG00000039300","NFAT5",8.80858,18.4996,22.432,29.5466,19.0224,1.716329351,0.450354048,0.668157663,0.428549222,0.560773878,0.881642846,"NFAT5","ENSG00000102908"
284,"ENSGALG00000039409","RELA",37.5429,23.8304,20.6675,21.1177,19.3387,0.87358413,1.11021283,1.043772026,1.062478367,1.091566454,0.851757995,NA,NA
285,"ENSGALG00000039454","SP4",8.17367,17.0003,12.9908,14.6165,16.4665,0.666695662,1.359831848,2.405018511,2.699395253,1.206533019,3.005519451,"SP4","ENSG00000105866"
286,"ENSGALG00000039474","ID4",9.42678,7.81119,10.2394,19.8663,18.7407,2.419096822,0.228525389,0.359064776,0.348618785,0.601980894,0.118626181,"ID4","ENSG00000172201"
287,"ENSGALG00000039685","GMEB2",11.9738,10.4677,8.53099,7.35428,8.60557,0.942198971,1.010515007,0.704412708,0.986455335,0.845565544,1.198498742,"GMEB2","ENSG00000101216"
288,"ENSGALG00000040060","NRF1",15.3522,14.8845,8.63844,9.54266,6.87179,1.205171304,1.662619715,1.323494494,1.042537181,1.078202364,1.502038946,"NRF1","ENSG00000106459"
289,"ENSGALG00000040270","ZNF687",17.093,16.1794,11.0709,11.7965,8.59384,0.970996035,1.12791354,0.979523545,0.836302063,1.508929281,0.965628786,"ZNF687","ENSG00000143373"
290,"ENSGALG00000040383","SOX3",213.843,111.627,160.168,105.641,70.7277,0.443121597,3.084293918,2.042046744,1.534146886,2.001319595,2.138272135,NA,NA
291,"ENSGALG00000040465","ZEB2",0.684525,27.0339,0.4655,8.97911,13.587,0.261082707,5.483482995,28.09835399,42.42305026,6.145741682,395.4648785,"ZEB2","ENSG00000169554"
292,"ENSGALG00000040582","LMX1B",2.81424,40.752,1.06857,13.3404,24.7394,2.767165464,1.354351766,4.651675285,7.562328055,0.65361408,8.793504131,"LMX1B","ENSG00000136944"
293,"ENSGALG00000040606","RAC3",37.3172,46.2001,32.3558,30.1647,33.8179,0.818004809,1.148896582,1.047880249,1.213921115,1.180752169,1.243338599,"RAC3","ENSG00000169750"
294,"ENSGALG00000040827","USF1",14.9535,16.2247,9.71982,9.65489,9.65101,0.796367628,1.313159125,1.136653034,1.18225239,0.9628783,1.07047095,"USF1","ENSG00000158773"
295,"ENSGALG00000041193","NFYB",29.4004,31.8279,47.1867,51.1906,51.1616,0.831422837,1.068873425,1.197704291,1.287226762,0.705890262,1.010608437,"NFYB","ENSG00000120837"
296,"ENSGALG00000041299","E2F8",15.6182,26.5763,18.8389,19.8123,19.6397,0.920143957,1.082602075,1.34751884,1.214313538,0.989614817,0.821419851,"E2F8","ENSG00000129173"
297,"ENSGALG00000041365","SALL4",239.054,198.024,230.69,222.144,151.233,0.679288222,1.112729658,1.432549381,1.080652537,1.22001184,2.496013794,"SALL4","ENSG00000101115"
298,"ENSGALG00000041370","ZNF335",28.3956,24.6462,23.3485,24.3314,18.7776,1.012309142,1.124594807,1.163558285,0.937211763,1.076712485,1.157788916,"ZNF335","ENSG00000198026"
299,"ENSGALG00000041454","DNMT3A",562.265,200.484,484.484,325.664,214.342,0.160050487,10.50786435,4.809858864,4.133447754,2.611930245,5.037476287,"DNMT3A","ENSG00000119772"
300,"ENSGALG00000041461","DNMT3B",930.032,341.946,493.371,467.913,357.52,0.620614102,2.51830395,3.89499051,4.025414426,1.779291292,2.285979784,"DNMT3B","ENSG00000088305"
301,"ENSGALG00000041592","SMARCC2",9.43893,13.2265,6.93196,9.26721,8.66789,0.974258363,0.970669699,0.941096245,0.816047186,1.283764522,0.957754944,"SMARCC2","ENSG00000139613"
302,"ENSGALG00000041626","MEIS1",2.63476,7.28981,4.93904,9.60804,17.0397,0.171908711,6.762130732,5.101271065,4.500558618,2.678655121,0.406513871,"MEIS1","ENSG00000143995"
303,"ENSGALG00000041641","HMG20A",24.134,26.247,19.9019,18.0005,22.619,1.24612223,0.992851156,0.95661347,1.225995284,1.001772424,1.184458133,"HMG20A","ENSG00000140382"
304,"ENSGALG00000041687","SREBF2",30.8261,61.3462,53.2329,59.629,50.2233,0.51595348,1.41501971,1.330683674,0.848266252,1.746333256,1.043434038,"SREBF2","ENSG00000198911"
305,"ENSGALG00000041717","KLF3",93.9877,20.2287,68.4307,66.2449,33.8395,1.165627416,1.225113953,1.300559333,1.049290075,0.785975197,0.508866109,"KLF3","ENSG00000109787"
306,"ENSGALG00000041845","ZNF692",16.537,10.776,9.03704,10.0291,8.68533,1.088857635,0.975879038,1.422527021,1.306137334,1.150584093,0.976777071,"ZNF692","ENSG00000171163"
307,"ENSGALG00000041896","RFX7",7.56326,14.1856,14.8433,15.5167,10.4322,0.805919169,1.186704509,1.557199616,1.171257146,1.005378317,2.104741514,NA,NA
308,"ENSGALG00000041953","KDM2A",7.80424,11.883,7.83354,8.02477,7.86693,0.90753095,0.7418406,0.95634189,0.839010328,1.141369572,1.383040384,"KDM2A","ENSG00000173120"
309,"ENSGALG00000042045","IRX3",2.21083,115.173,4.25261,15.574,25.5008,0.092411719,3.572781194,24.73634053,34.4210029,5.666847801,16.53601303,"IRX3","ENSG00000177508"
310,"ENSGALG00000042055","RXRA",6.74039,10.5639,4.20489,8.86586,8.1554,1.372642328,0.484809668,0.758070336,0.642932036,1.24106357,0.931298046,"RXRA","ENSG00000186350"
311,"ENSGALG00000042492","PITX2",26.3848,1.35124,2.15649,1.40205,2.06853,13.09164429,0.121953413,0.079642021,0.070796427,0.59347165,0.187818303,"PITX1","ENSG00000069011"
312,"ENSGALG00000042686","FOXD3",25.4535,23.0451,100.59,101.558,51.0678,0.000528294,2708.641317,546.3279754,35.73999034,32.1228451,135.2618357,NA,NA
313,"ENSGALG00000042762","ZBTB26",10.3949,12.8419,13.7023,10.6946,10.5139,0.811827211,1.042959682,0.981723381,0.960691149,0.741497132,1.656668782,"ZBTB26","ENSG00000171448"
314,"ENSGALG00000042900","GATAD2A",88.0473,83.5147,75.996,76.7093,64.8838,0.911099268,1.188341754,1.263089171,1.128949919,1.103908495,1.4310411,"GATAD2A","ENSG00000167491"
315,"ENSGALG00000042976","UBTF",51.4179,61.254,37.7976,54.2628,56.0254,0.809207463,0.936430191,1.553899726,1.55716946,1.311871879,1.288687014,"UBTF","ENSG00000108312"
316,"ENSGALG00000043010","NR2F6",132.541,131.461,140.586,151.603,186.28,0.861792782,0.944703155,0.910441039,0.981257704,1.065467817,0.875997868,"NR2F6","ENSG00000160113"
317,"ENSGALG00000043103","PKNOX2",7.82874,22.8605,11.0892,21.6415,17.636,1.095922158,0.691790863,1.162203092,1.198285058,1.126644907,1.154051967,"PKNOX2","ENSG00000165495"
318,"ENSGALG00000043433","SCX",17.1368,15.3417,10.9549,13.9849,17.9194,0.516546933,3.122290594,5.205078198,8.251095885,1.167889977,3.932992717,"SCX","ENSG00000260428"
319,"ENSGALG00000043460","SOX2",1.53595,78.1694,8.85949,44.7016,56.8839,0.026301853,217.6067771,175.5433993,138.0512997,7.740317988,314.1124657,"SOX2","ENSG00000181449"
320,"ENSGALG00000043513","TEAD3",14.0778,15.6171,18.9682,28.7276,18.1731,1.345515125,0.596163698,0.788143661,0.546152043,0.764362543,0.542548646,"TEAD3","ENSG00000007866"
321,"ENSGALG00000043641","JUND",80.4142,44.7723,56.0248,103.638,74.8488,0.502827319,1.030371468,0.657835271,0.829165836,1.773620944,1.000610124,"JUND","ENSG00000130522"
322,"ENSGALG00000043701","ELK3",21.8491,8.61488,15.9495,9.53045,7.43852,0.550832314,1.961557193,0.938646168,0.909012255,1.593312915,0.999753975,"ELK3","ENSG00000111145"
323,"ENSGALG00000043724","NFX1",3.08375,7.91607,10.5415,13.1694,12.9312,0.982222644,0.68463302,1.187416598,1.452240544,0.765189018,1.579303644,"NFX1","ENSG00000086102"
324,"ENSGALG00000043827","ZHX2",9.31993,19.3552,8.10985,13.5176,15.2934,0.638301572,3.024788056,2.789330978,2.509439071,1.915080344,7.370966575,"ZHX2","ENSG00000178764"
325,"ENSGALG00000044141","THAP9",13.0582,12.2012,7.70467,7.99734,6.95586,0.970067505,0.999097467,1.363272807,0.983706851,0.870250781,1.082597624,"THAP9","ENSG00000168152"
326,"ENSGALG00000044768","HMGXB4",43.5252,28.8273,39.7426,27.8053,23.6744,0.619569429,1.799072909,1.308952849,0.976827859,1.608571122,1.396049242,"HMGXB4","ENSG00000100281"
327,"ENSGALG00000046263","MXD3",19.5338,4.62009,19.8942,11.867,11.4931,0.241315559,5.041011334,2.430751142,1.967898854,1.337519258,3.020002222,"MXD3","ENSG00000213347"
