{
 "chain_iptm": [
  0.32,
  0.39,
  0.33,
  0.12
 ],
 "chain_pair_iptm": [
  [
   0.17,
   0.51,
   0.34,
   0.12
  ],
  [
   0.51,
   0.47,
   0.54,
   0.13
  ],
  [
   0.34,
   0.54,
   0.32,
   0.12
  ],
  [
   0.12,
   0.13,
   0.12,
   0.2
  ]
 ],
 "chain_pair_pae_min": [
  [
   0.76,
   1.21,
   1.22,
   28.12
  ],
  [
   1.1,
   0.76,
   1.05,
   24.7
  ],
  [
   1.23,
   0.98,
   0.76,
   27.9
  ],
  [
   27.27,
   24.58,
   25.23,
   0.76
  ]
 ],
 "chain_ptm": [
  0.17,
  0.47,
  0.32,
  0.2
 ],
 "fraction_disordered": 0.19,
 "has_clash": 0.0,
 "iptm": 0.29,
 "num_recycles": 10.0,
 "ptm": 0.3,
 "ranking_score": 0.39
}