{
 "chain_iptm": [
  0.33,
  0.39,
  0.34,
  0.14
 ],
 "chain_pair_iptm": [
  [
   0.17,
   0.51,
   0.33,
   0.14
  ],
  [
   0.51,
   0.47,
   0.53,
   0.14
  ],
  [
   0.33,
   0.53,
   0.31,
   0.14
  ],
  [
   0.14,
   0.14,
   0.14,
   0.19
  ]
 ],
 "chain_pair_pae_min": [
  [
   0.76,
   1.2,
   1.23,
   16.51
  ],
  [
   1.09,
   0.76,
   1.05,
   23.73
  ],
  [
   1.22,
   0.98,
   0.76,
   23.34
  ],
  [
   16.27,
   22.83,
   22.3,
   0.76
  ]
 ],
 "chain_ptm": [
  0.17,
  0.47,
  0.31,
  0.19
 ],
 "fraction_disordered": 0.27,
 "has_clash": 0.0,
 "iptm": 0.29,
 "num_recycles": 10.0,
 "ptm": 0.29,
 "ranking_score": 0.43
}