{
 "chain_iptm": [
  0.33,
  0.39,
  0.34,
  0.13
 ],
 "chain_pair_iptm": [
  [
   0.17,
   0.5,
   0.36,
   0.13
  ],
  [
   0.5,
   0.46,
   0.52,
   0.13
  ],
  [
   0.36,
   0.52,
   0.33,
   0.14
  ],
  [
   0.13,
   0.13,
   0.14,
   0.19
  ]
 ],
 "chain_pair_pae_min": [
  [
   0.76,
   1.19,
   1.2,
   20.81
  ],
  [
   1.11,
   0.76,
   1.04,
   26.1
  ],
  [
   1.23,
   0.97,
   0.76,
   25.99
  ],
  [
   23.24,
   25.23,
   25.53,
   0.76
  ]
 ],
 "chain_ptm": [
  0.17,
  0.46,
  0.33,
  0.19
 ],
 "fraction_disordered": 0.2,
 "has_clash": 0.0,
 "iptm": 0.3,
 "num_recycles": 10.0,
 "ptm": 0.3,
 "ranking_score": 0.4
}