{
 "chain_iptm": [
  0.33,
  0.39,
  0.33,
  0.12
 ],
 "chain_pair_iptm": [
  [
   0.17,
   0.52,
   0.34,
   0.12
  ],
  [
   0.52,
   0.48,
   0.54,
   0.12
  ],
  [
   0.34,
   0.54,
   0.32,
   0.12
  ],
  [
   0.12,
   0.12,
   0.12,
   0.2
  ]
 ],
 "chain_pair_pae_min": [
  [
   0.76,
   1.22,
   1.24,
   29.11
  ],
  [
   1.1,
   0.76,
   1.04,
   24.42
  ],
  [
   1.2,
   0.97,
   0.76,
   29.38
  ],
  [
   28.67,
   26.31,
   28.21,
   0.76
  ]
 ],
 "chain_ptm": [
  0.17,
  0.48,
  0.32,
  0.2
 ],
 "fraction_disordered": 0.26,
 "has_clash": 0.0,
 "iptm": 0.29,
 "num_recycles": 10.0,
 "ptm": 0.3,
 "ranking_score": 0.43
}