{
 "chain_iptm": [
  0.33,
  0.39,
  0.34,
  0.14
 ],
 "chain_pair_iptm": [
  [
   0.17,
   0.51,
   0.35,
   0.14
  ],
  [
   0.51,
   0.47,
   0.53,
   0.13
  ],
  [
   0.35,
   0.53,
   0.32,
   0.14
  ],
  [
   0.14,
   0.13,
   0.14,
   0.19
  ]
 ],
 "chain_pair_pae_min": [
  [
   0.76,
   1.19,
   1.2,
   16.27
  ],
  [
   1.11,
   0.76,
   1.05,
   24.13
  ],
  [
   1.22,
   0.99,
   0.76,
   23.89
  ],
  [
   14.48,
   24.05,
   24.2,
   0.76
  ]
 ],
 "chain_ptm": [
  0.17,
  0.47,
  0.32,
  0.19
 ],
 "fraction_disordered": 0.18,
 "has_clash": 0.0,
 "iptm": 0.3,
 "num_recycles": 10.0,
 "ptm": 0.3,
 "ranking_score": 0.39
}